Country Name,Country Code,Indicator Name,Indicator Code,Total,Max,Min,Avg,2015,Country_15,Region_15,Happiness Rank_15,Happiness Score_15,Standard Error_15,Economy (GDP per Capita)_15,Family_15,Health (Life Expectancy)_15,Freedom_15,Trust (Government Corruption)_15,Generosity_15,Dystopia Residual_15,2016,Country_16,Region_16,Happiness Rank_16,Happiness Score_16,Lower Confidence Interval_16,Upper Confidence Interval_16,Economy (GDP per Capita)_16,Family_16,Health (Life Expectancy)_16,Freedom_16,Trust (Government Corruption)_16,Generosity_16,Dystopia Residual_16,2017,Country_17,Happiness.Rank_17,Happiness.Score_17,Whisker.high_17,Whisker.low_17,Economy..GDP.per.Capita._17,Family_17,Health..Life.Expectancy._17,Freedom_17,Generosity_17,Trust..Government.Corruption._17,Dystopia.Residual_17,2018,Overall rank_18,Country or region_18,Score_18,GDP per capita_18,Social support_18,Healthy life expectancy_18,Freedom to make life choices_18,Generosity_18,Perceptions of corruption_18
Afghanistan,AFG,"Suicide mortality rate (per 100,000 population)",SH.STA.SUIC.P5,89.2,5,3.9,4.46,4.0,Afghanistan,Southern Asia,153,3.575,0.03084,0.31982,0.30285,0.30335,0.23414,0.09719,0.3651,1.9521,4.0,Afghanistan,Southern Asia,154,3.36,3.288,3.432,0.38227,0.11037,0.17344,0.1643,0.07112,0.31268,2.14558,4.1,Afghanistan,141,3.79399991035461,3.87366141527891,3.71433840543032,0.401477217674255,0.581543326377869,0.180746778845787,0.106179520487785,0.311870932579041,0.0611578300595284,2.15080118179321,4.1,145,Afghanistan,3.632,0.332,0.537,0.255,0.085,0.191,0.036
Angola,AGO,"Suicide mortality rate (per 100,000 population)",SH.STA.SUIC.P5,146.2,8.8,6,7.31,6.5,Angola,Sub-Saharan Africa,137,4.033,0.04758,0.75778,0.8604,0.16683,0.10384,0.07122,0.12344,1.94939,6.2,Angola,Sub-Saharan Africa,141,3.866,3.753,3.979,0.84731,0.66366,0.04991,0.00589,0.08434,0.12071,2.09459,6.0,Angola,140,3.79500007629395,3.95164193540812,3.63835821717978,0.858428180217743,1.10441195964813,0.0498686656355858,0.0,0.097926490008831,0.0697203353047371,1.61448240280151,6.0,142,Angola,3.795,0.73,1.125,0.269,0.0,0.079,0.061
Albania,ALB,"Suicide mortality rate (per 100,000 population)",SH.STA.SUIC.P5,117.5,8.2,4.3,5.88,4.8,Albania,Central and Eastern Europe,95,4.959,0.05013,0.87867,0.80434,0.81325,0.35733,0.06413,0.14272,1.89894,4.7,Albania,Central and Eastern Europe,109,4.655,4.546,4.764,0.9553,0.50163,0.73007,0.31866,0.05301,0.1684,1.92816,4.7,Albania,109,4.64400005340576,4.75246400639415,4.53553610041738,0.996192753314972,0.803685247898102,0.731159746646881,0.381498634815216,0.201312944293022,0.0398642159998417,1.49044156074524,4.5,112,Albania,4.586,0.916,0.817,0.79,0.419,0.149,0.032
United Arab Emirates,ARE,"Suicide mortality rate (per 100,000 population)",SH.STA.SUIC.P5,151.4,8.6,5.6,7.57,6.5,United Arab Emirates,Middle East and Northern Africa,20,6.901,0.03729,1.42727,1.12575,0.80925,0.64157,0.38583,0.26428,2.24743,6.0,United Arab Emirates,Middle East and Northern Africa,28,6.573,6.494,6.652,1.57352,0.87114,0.72993,0.56215,0.35561,0.26591,2.21507,5.6,United Arab Emirates,21,6.64799976348877,6.72204730376601,6.57395222321153,1.62634336948395,1.26641023159027,0.726798236370087,0.60834527015686,0.3609419465065,0.324489563703537,1.734703540802,6.0,20,United Arab Emirates,6.774,2.096,0.776,0.67,0.284,0.186,
Argentina,ARG,"Suicide mortality rate (per 100,000 population)",SH.STA.SUIC.P5,177.8,10.3,8.3,8.89,8.3,Argentina,Latin America and Caribbean,30,6.574,0.04612,1.05351,1.24823,0.78723,0.44974,0.08484,0.11451,2.836,8.3,Argentina,Latin America and Caribbean,26,6.65,6.56,6.74,1.15137,1.06612,0.69711,0.42284,0.07296,0.10989,3.12985,8.9,Argentina,24,6.59899997711182,6.69008508607745,6.50791486814618,1.18529546260834,1.44045114517212,0.695137083530426,0.494519203901291,0.109457060694695,0.059739887714386,2.61400532722473,9.2,29,Argentina,6.388,1.073,1.468,0.744,0.57,0.062,0.054
Armenia,ARM,"Suicide mortality rate (per 100,000 population)",SH.STA.SUIC.P5,96.1,7.4,2.1,4.81,6.2,Armenia,Central and Eastern Europe,127,4.35,0.04763,0.76821,0.77711,0.7299,0.19847,0.039,0.07855,1.75873,5.7,Armenia,Central and Eastern Europe,121,4.36,4.266,4.454,0.86086,0.62477,0.64083,0.14037,0.03616,0.07793,1.97864,3.0,Armenia,121,4.37599992752075,4.46673461228609,4.28526524275541,0.900596737861633,1.00748372077942,0.637524425983429,0.198303267359734,0.0834880918264389,0.0266744215041399,1.5214991569519,2.1,129,Armenia,4.321,0.816,0.99,0.666,0.26,0.077,0.028
Australia,AUS,"Suicide mortality rate (per 100,000 population)",SH.STA.SUIC.P5,234.7,13.2,10.3,11.74,13.2,Australia,Australia and New Zealand,10,7.284,0.04083,1.33358,1.30923,0.93156,0.65124,0.35637,0.43562,2.26646,12.2,Australia,Australia and New Zealand,9,7.313,7.241,7.385,1.44443,1.10476,0.8512,0.56837,0.32331,0.47407,2.5465,13.1,Australia,10,7.28399991989136,7.35665122494102,7.2113486148417,1.484414935112,1.51004195213318,0.84388679265976,0.601607382297516,0.477699249982834,0.301183730363846,2.06521081924438,12.4,10,Australia,7.272,1.34,1.573,0.91,0.647,0.361,0.302
Austria,AUT,"Suicide mortality rate (per 100,000 population)",SH.STA.SUIC.P5,333.7,19.9,14.6,16.69,16.0,Austria,Western Europe,13,7.2,0.03751,1.33723,1.29704,0.89042,0.62433,0.18676,0.33088,2.5332,15.5,Austria,Western Europe,12,7.119,7.045,7.193,1.45038,1.08383,0.80565,0.54355,0.21348,0.32865,2.69343,15.4,Austria,13,7.00600004196167,7.07066981211305,6.94133027181029,1.48709726333618,1.4599449634552,0.815328419208527,0.567766189575195,0.316472321748734,0.221060365438461,2.1385064125061,15.7,12,Austria,7.139,1.341,1.504,0.891,0.617,0.242,0.224
Azerbaijan,AZE,"Suicide mortality rate (per 100,000 population)",SH.STA.SUIC.P5,83.8,4.9,3.1,4.19,4.1,Azerbaijan,Central and Eastern Europe,80,5.212,0.03363,1.02389,0.93793,0.64045,0.3703,0.16065,0.07799,2.00073,4.0,Azerbaijan,Central and Eastern Europe,81,5.291,5.226,5.356,1.12373,0.76042,0.54504,0.35327,0.17914,0.0564,2.2735,4.0,Azerbaijan,85,5.23400020599365,5.29928653523326,5.16871387675405,1.15360176563263,1.15240025520325,0.540775775909424,0.398155838251114,0.0452693402767181,0.180987507104874,1.76248168945312,4.0,87,Azerbaijan,5.201,1.024,1.161,0.603,0.43,0.031,0.176
Burundi,BDI,"Suicide mortality rate (per 100,000 population)",SH.STA.SUIC.P5,160.9,11.7,6.2,8.05,6.4,Burundi,Sub-Saharan Africa,157,2.905,0.08658,0.0153,0.41587,0.22396,0.1185,0.10062,0.19727,1.83302,6.4,Burundi,Sub-Saharan Africa,157,2.905,2.732,3.078,0.06831,0.23442,0.15747,0.0432,0.09419,0.2029,2.10404,6.4,Burundi,154,2.90499997138977,3.07469033300877,2.73530960977077,0.091622568666935,0.629793584346771,0.151610791683197,0.0599007532000542,0.204435184597969,0.0841479450464249,1.68302416801453,6.3,156,Burundi,2.905,0.091,0.627,0.145,0.065,0.149,0.076
Belgium,BEL,"Suicide mortality rate (per 100,000 population)",SH.STA.SUIC.P5,402.5,22.3,18.3,20.13,18.6,Belgium,Western Europe,19,6.937,0.03595,1.30782,1.28566,0.89667,0.5845,0.2254,0.2225,2.41484,19.3,Belgium,Western Europe,18,6.929,6.861,6.997,1.42539,1.05249,0.81959,0.51354,0.26248,0.2424,2.61355,18.9,Belgium,17,6.89099979400635,6.95582075044513,6.82617883756757,1.46378076076508,1.46231269836426,0.818091869354248,0.539770722389221,0.231503337621689,0.251343131065369,2.12421035766602,18.7,16,Belgium,6.927,1.324,1.483,0.894,0.583,0.188,0.24
Benin,BEN,"Suicide mortality rate (per 100,000 population)",SH.STA.SUIC.P5,168,8.8,7.8,8.4,8.1,Benin,Sub-Saharan Africa,155,3.34,0.03656,0.28665,0.35386,0.3191,0.4845,0.0801,0.1826,1.63328,8.0,Benin,Sub-Saharan Africa,153,3.484,3.404,3.564,0.39499,0.10419,0.21028,0.39747,0.06681,0.2018,2.10812,8.0,Benin,143,3.65700006484985,3.74578355133533,3.56821657836437,0.431085407733917,0.435299843549728,0.209930211305618,0.425962775945663,0.207948461174965,0.0609290152788162,1.88563096523285,7.9,136,Benin,4.141,0.378,0.372,0.24,0.44,0.163,0.067
Burkina Faso,BFA,"Suicide mortality rate (per 100,000 population)",SH.STA.SUIC.P5,160,8.6,7.5,8,8.0,Burkina Faso,Sub-Saharan Africa,152,3.587,0.04324,0.25812,0.85188,0.27125,0.39493,0.12832,0.21747,1.46494,7.8,Burkina Faso,Sub-Saharan Africa,145,3.739,3.647,3.831,0.31995,0.63054,0.21297,0.3337,0.12533,0.24353,1.87319,7.7,Burkina Faso,134,4.03200006484985,4.12405906438828,3.93994106531143,0.3502277135849,1.04328000545502,0.215844258666039,0.324367851018906,0.250864684581757,0.120328105986118,1.72721290588379,7.6,121,Burkina Faso,4.424,0.314,1.097,0.254,0.312,0.175,0.128
Bangladesh,BGD,"Suicide mortality rate (per 100,000 population)",SH.STA.SUIC.P5,87.8,6,3.4,4.39,3.4,Bangladesh,Southern Asia,109,4.694,0.03077,0.39753,0.43106,0.60164,0.4082,0.12569,0.21222,2.51767,3.4,Bangladesh,Southern Asia,110,4.643,4.56,4.726,0.54177,0.24749,0.52989,0.39778,0.12583,0.19132,2.60904,3.5,Bangladesh,110,4.60799980163574,4.68982165828347,4.52617794498801,0.586682975292206,0.735131740570068,0.533241033554077,0.478356659412384,0.172255352139473,0.123717859387398,1.97873616218567,3.6,115,Bangladesh,4.5,0.532,0.85,0.579,0.58,0.153,0.144
Bulgaria,BGR,"Suicide mortality rate (per 100,000 population)",SH.STA.SUIC.P5,253.2,18.2,9.7,12.66,9.8,Bulgaria,Central and Eastern Europe,134,4.218,0.04828,1.01216,1.10614,0.76649,0.30587,0.00872,0.11921,0.89991,9.7,Bulgaria,Central and Eastern Europe,129,4.217,4.104,4.33,1.11306,0.92542,0.67806,0.21219,0.00615,0.12793,1.15377,10.3,Bulgaria,105,4.71400022506714,4.80369470641017,4.62430574372411,1.1614590883255,1.43437945842743,0.708217680454254,0.289231717586517,0.113177694380283,0.0110515309497714,0.996139287948608,9.7,100,Bulgaria,4.933,1.054,1.515,0.712,0.359,0.064,0.009
Bahrain,BHR,"Suicide mortality rate (per 100,000 population)",SH.STA.SUIC.P5,169.6,10.3,6.6,8.48,7.4,Bahrain,Middle East and Northern Africa,49,5.96,0.05412,1.32376,1.21624,0.74716,0.45492,0.306,0.17362,1.73797,7.7,Bahrain,Middle East and Northern Africa,42,6.218,6.128,6.308,1.44024,0.94397,0.65696,0.47375,0.25772,0.17147,2.27405,8.1,Bahrain,41,6.08699989318848,6.17898906782269,5.99501071855426,1.48841226100922,1.32311046123505,0.653133034706116,0.536746919155121,0.172668486833572,0.257042169570923,1.65614938735962,8.6,43,Bahrain,6.105,1.338,1.366,0.698,0.594,0.243,0.123
Bosnia and Herzegovina,BIH,"Suicide mortality rate (per 100,000 population)",SH.STA.SUIC.P5,208.7,11.5,9,10.44,10.7,Bosnia and Herzegovina,Central and Eastern Europe,96,4.949,0.06913,0.83223,0.91916,0.79081,0.09245,0.00227,0.24808,2.06367,10.5,Bosnia and Herzegovina,Central and Eastern Europe,87,5.163,5.063,5.263,0.93383,0.64367,0.70766,0.09511,0.0,0.29889,2.48406,10.5,Bosnia and Herzegovina,90,5.18200016021729,5.27633568674326,5.08766463369131,0.982409417629242,1.0693359375,0.705186307430267,0.204403176903725,0.328867495059967,0.0,1.89217257499695,10.8,93,Bosnia and Herzegovina,5.129,0.915,1.078,0.758,0.28,0.216,0.0
Belarus,BLR,"Suicide mortality rate (per 100,000 population)",SH.STA.SUIC.P5,680.8,44.3,21.2,34.04,24.3,Belarus,Central and Eastern Europe,59,5.813,0.03938,1.03192,1.23289,0.73608,0.37938,0.1909,0.11046,2.1309,24.2,Belarus,Central and Eastern Europe,61,5.802,5.723,5.881,1.13062,1.04993,0.63104,0.29091,0.17457,0.13942,2.38582,23.3,Belarus,67,5.56899976730347,5.64611424401402,5.49188529059291,1.15655755996704,1.44494521617889,0.637714266777039,0.295400261878967,0.15513750910759,0.156313821673393,1.72323298454285,22.8,73,Belarus,5.483,1.039,1.498,0.7,0.307,0.101,0.154
Bolivia,BOL,"Suicide mortality rate (per 100,000 population)",SH.STA.SUIC.P5,125.3,6.9,5.9,6.27,6.4,Bolivia,Latin America and Caribbean,51,5.89,0.05642,0.68133,0.97841,0.5392,0.57414,0.088,0.20536,2.82334,6.6,Bolivia,Latin America and Caribbean,59,5.822,5.74,5.904,0.79422,0.83779,0.4697,0.50961,0.07746,0.21698,2.91635,6.4,Bolivia,58,5.82299995422363,5.9039769025147,5.74202300593257,0.833756566047668,1.22761905193329,0.473630249500275,0.558732926845551,0.22556072473526,0.0604777261614799,2.44327902793884,6.3,62,Bolivia,5.752,0.751,1.223,0.508,0.606,0.141,0.054
Brazil,BRA,"Suicide mortality rate (per 100,000 population)",SH.STA.SUIC.P5,105.2,7,4,5.26,5.9,Brazil,Latin America and Caribbean,16,6.983,0.04076,0.98124,1.23287,0.69702,0.49049,0.17521,0.14574,3.26001,6.0,Brazil,Latin America and Caribbean,17,6.952,6.875,7.029,1.08754,1.03938,0.61415,0.40425,0.14166,0.15776,3.50733,6.6,Brazil,22,6.63500022888184,6.72546950161457,6.5445309561491,1.10735321044922,1.43130600452423,0.616552352905273,0.437453746795654,0.16234989464283,0.111092761158943,2.76926708221436,7.0,28,Brazil,6.419,0.986,1.474,0.675,0.493,0.11,0.088
Bhutan,BTN,"Suicide mortality rate (per 100,000 population)",SH.STA.SUIC.P5,89.9,4.9,4.2,4.5,4.5,Bhutan,Southern Asia,79,5.253,0.03225,0.77042,1.10395,0.57407,0.53206,0.15445,0.47998,1.63794,4.5,Bhutan,Southern Asia,84,5.196,5.138,5.254,0.8527,0.90836,0.49759,0.46074,0.1616,0.48546,1.82916,4.6,Bhutan,97,5.01100015640259,5.07933456212282,4.94266575068235,0.885416388511658,1.34012651443481,0.495879292488098,0.501537680625916,0.474054545164108,0.173380389809608,1.14018440246582,4.6,97,Bhutan,5.082,0.796,1.335,0.527,0.541,0.364,0.171
Botswana,BWA,"Suicide mortality rate (per 100,000 population)",SH.STA.SUIC.P5,512.9,35.3,16.1,25.65,19.0,Botswana,Sub-Saharan Africa,128,4.332,0.04934,0.99355,1.10464,0.04776,0.49495,0.12474,0.10461,1.46181,17.8,Botswana,Sub-Saharan Africa,137,3.974,3.875,4.073,1.09426,0.89186,0.34752,0.44089,0.10769,0.12425,0.96741,17.4,Botswana,142,3.76600003242493,3.87412266626954,3.65787739858031,1.12209415435791,1.22155499458313,0.341755509376526,0.505196332931519,0.0993484482169151,0.0985831990838051,0.3779137134552,17.4,146,Botswana,3.59,1.017,1.174,0.417,0.557,0.042,0.092
Canada,CAN,"Suicide mortality rate (per 100,000 population)",SH.STA.SUIC.P5,240.2,13,11.2,12.01,13.0,Canada,North America,5,7.427,0.03553,1.32629,1.32261,0.90563,0.63297,0.32957,0.45811,2.45176,11.9,Canada,North America,6,7.404,7.335,7.473,1.44015,1.0961,0.8276,0.5737,0.31329,0.44834,2.70485,13.0,Canada,7,7.31599998474121,7.38440283536911,7.24759713411331,1.47920441627502,1.48134899139404,0.83455765247345,0.611100912094116,0.435539722442627,0.287371516227722,2.18726444244385,12.0,7,Canada,7.328,1.33,1.532,0.896,0.653,0.321,0.291
Switzerland,CHE,"Suicide mortality rate (per 100,000 population)",SH.STA.SUIC.P5,336.3,20.9,14.1,16.82,15.0,Switzerland,Western Europe,1,7.587,0.03411,1.39651,1.34951,0.94143,0.66557,0.41978,0.29678,2.51738,14.1,Switzerland,Western Europe,2,7.509,7.428,7.59,1.52733,1.14524,0.86303,0.58557,0.41203,0.28083,2.69463,14.6,Switzerland,4,7.49399995803833,7.56177242040634,7.42622749567032,1.56497955322266,1.51691174507141,0.858131289482117,0.620070576667786,0.290549278259277,0.367007285356522,2.2767162322998,14.5,5,Switzerland,7.487,1.42,1.549,0.927,0.66,0.256,0.357
Chile,CHL,"Suicide mortality rate (per 100,000 population)",SH.STA.SUIC.P5,206.2,12.7,8.8,10.31,10.0,Chile,Latin America and Caribbean,27,6.67,0.058,1.10715,1.12447,0.85857,0.44132,0.12869,0.33363,2.67585,10.0,Chile,Latin America and Caribbean,24,6.705,6.615,6.795,1.2167,0.90587,0.81883,0.37789,0.11451,0.31595,2.95505,9.3,Chile,20,6.65199995040894,6.73925056010485,6.56474934071302,1.25278460979462,1.28402495384216,0.819479703903198,0.376895278692245,0.326662421226501,0.0822879821062088,2.50958585739136,8.8,25,Chile,6.476,1.131,1.331,0.808,0.431,0.197,0.061
China,CHN,"Suicide mortality rate (per 100,000 population)",SH.STA.SUIC.P5,210.2,14.3,8.1,10.51,8.1,China,Eastern Asia,84,5.14,0.02424,0.89012,0.94675,0.81658,0.51697,0.02781,0.08185,1.8604,8.2,China,Eastern Asia,83,5.245,5.199,5.291,1.0278,0.79381,0.73561,0.44012,0.02745,0.04959,2.17087,8.1,China,79,5.27299976348877,5.31927808977663,5.2267214372009,1.08116579055786,1.16083741188049,0.741415500640869,0.472787708044052,0.0288068410009146,0.0227942746132612,1.76493859291077,8.1,86,China,5.246,0.989,1.142,0.799,0.597,0.029,0.103
Cameroon,CMR,"Suicide mortality rate (per 100,000 population)",SH.STA.SUIC.P5,208.6,11.7,8.9,10.43,9.5,Cameroon,Sub-Saharan Africa,133,4.252,0.04678,0.4225,0.88767,0.23402,0.49309,0.05786,0.20618,1.95071,9.2,Cameroon,Sub-Saharan Africa,114,4.513,4.417,4.609,0.52497,0.62542,0.12698,0.42736,0.06126,0.2268,2.5198,9.0,Cameroon,107,4.69500017166138,4.79654085725546,4.5934594860673,0.564305365085602,0.946018218994141,0.132892116904259,0.430388748645782,0.236298456788063,0.0513066314160824,2.3336455821991,8.9,99,Cameroon,4.975,0.535,0.891,0.182,0.454,0.183,0.043
Colombia,COL,"Suicide mortality rate (per 100,000 population)",SH.STA.SUIC.P5,84,5,3.7,4.2,4.1,Colombia,Latin America and Caribbean,33,6.477,0.05051,0.91861,1.24018,0.69077,0.53466,0.0512,0.18401,2.85737,4.2,Colombia,Latin America and Caribbean,31,6.481,6.384,6.578,1.03032,1.02169,0.59659,0.44735,0.05399,0.15626,3.17471,4.7,Colombia,36,6.35699987411499,6.45202005416155,6.26197969406843,1.07062232494354,1.4021829366684,0.595027923583984,0.477487415075302,0.149014472961426,0.0466687418520451,2.61606812477112,4.0,37,Colombia,6.26,0.96,1.439,0.635,0.531,0.099,0.039
Costa Rica,CRI,"Suicide mortality rate (per 100,000 population)",SH.STA.SUIC.P5,134.9,8.4,5.2,6.75,6.7,Costa Rica,Latin America and Caribbean,12,7.226,0.04454,0.95578,1.23788,0.86027,0.63376,0.10583,0.25497,3.17728,7.7,Costa Rica,Latin America and Caribbean,14,7.087,6.999,7.175,1.06879,1.02152,0.76146,0.55225,0.10547,0.22553,3.35168,6.1,Costa Rica,12,7.0789999961853,7.16811166629195,6.98988832607865,1.10970628261566,1.41640365123749,0.759509265422821,0.580131649971008,0.214613229036331,0.100106589496136,2.89863920211792,7.2,13,Costa Rica,7.072,1.01,1.459,0.817,0.632,0.143,0.101
Cyprus,CYP,"Suicide mortality rate (per 100,000 population)",SH.STA.SUIC.P5,76.1,6.1,0.9,3.81,4.7,Cyprus,Western Europe,67,5.689,0.0558,1.20813,0.89318,0.92356,0.40672,0.06146,0.30638,1.88931,4.6,Cyprus,Western Europe,69,5.546,5.442,5.65,1.31857,0.70697,0.8488,0.29507,0.05228,0.27906,2.04497,3.7,Cyprus,65,5.62099981307983,5.71469269931316,5.5273069268465,1.35593807697296,1.13136327266693,0.84471470117569,0.355111539363861,0.271254301071167,0.0412379764020443,1.62124919891357,4.2,61,Cyprus,5.762,1.229,1.191,0.909,0.423,0.202,0.035
Czech Republic,CZE,"Suicide mortality rate (per 100,000 population)",SH.STA.SUIC.P5,299.4,17,12.2,14.97,13.6,Czech Republic,Central and Eastern Europe,31,6.505,0.04168,1.17898,1.20643,0.84483,0.46364,0.02652,0.10686,2.67782,13.0,Czech Republic,Central and Eastern Europe,27,6.596,6.515,6.677,1.30915,1.00793,0.76376,0.41418,0.03986,0.09929,2.96211,13.9,Czech Republic,23,6.60900020599365,6.68386246263981,6.5341379493475,1.35268235206604,1.43388521671295,0.754444003105164,0.490946173667908,0.0881067588925362,0.0368729270994663,2.45186185836792,13.6,21,Czech Republic,6.711,1.233,1.489,0.854,0.543,0.064,0.034
Germany,DEU,"Suicide mortality rate (per 100,000 population)",SH.STA.SUIC.P5,266,14.6,12.3,13.3,13.3,Germany,Western Europe,26,6.75,0.01848,1.32792,1.29937,0.89186,0.61477,0.21843,0.28214,2.11569,13.0,Germany,Western Europe,16,6.994,6.93,7.058,1.44787,1.09774,0.81487,0.53466,0.28551,0.30452,2.50931,12.6,Germany,16,6.95100021362305,7.00538156926632,6.89661885797977,1.48792338371277,1.47252035140991,0.798950731754303,0.562511384487152,0.336269170045853,0.276731938123703,2.01576995849609,12.9,15,Germany,6.965,1.34,1.474,0.861,0.586,0.273,0.28
Denmark,DNK,"Suicide mortality rate (per 100,000 population)",SH.STA.SUIC.P5,258.7,15.8,10.7,12.94,10.9,Denmark,Western Europe,3,7.527,0.03328,1.32548,1.36058,0.87464,0.64938,0.48357,0.34139,2.49204,10.9,Denmark,Western Europe,1,7.526,7.46,7.592,1.44178,1.16374,0.79504,0.57941,0.44453,0.36171,2.73939,11.3,Denmark,2,7.52199983596802,7.58172806486487,7.46227160707116,1.48238301277161,1.55112159252167,0.792565524578094,0.626006722450256,0.355280488729477,0.40077006816864,2.31370735168457,11.4,3,Denmark,7.555,1.351,1.59,0.868,0.683,0.284,0.408
Dominican Republic,DOM,"Suicide mortality rate (per 100,000 population)",SH.STA.SUIC.P5,99.8,6.4,3.9,4.99,6.4,Dominican Republic,Latin America and Caribbean,98,4.885,0.07446,0.89537,1.17202,0.66825,0.57672,0.14234,0.21684,1.21305,6.4,Dominican Republic,Latin America and Caribbean,89,5.155,5.037,5.273,1.02787,0.99496,0.57669,0.52259,0.12372,0.21286,1.69626,5.7,Dominican Republic,86,5.23000001907349,5.34906088516116,5.11093915298581,1.07937383651733,1.40241670608521,0.574873745441437,0.55258983373642,0.186967849731445,0.113945253193378,1.31946516036987,5.2,83,Dominican Republic,5.302,0.982,1.441,0.614,0.578,0.12,0.106
Algeria,DZA,"Suicide mortality rate (per 100,000 population)",SH.STA.SUIC.P5,66.6,4.5,2.5,3.33,2.7,Algeria,Middle East and Northern Africa,68,5.605,0.05099,0.93929,1.07772,0.61766,0.28579,0.17383,0.07822,2.43209,2.6,Algeria,Middle East and Northern Africa,38,6.355,6.227,6.483,1.05266,0.83309,0.61804,0.21006,0.16157,0.07044,3.40904,2.5,Algeria,53,5.87200021743774,5.97828643366694,5.76571400120854,1.09186446666718,1.1462174654007,0.617584645748138,0.233335807919502,0.0694366469979286,0.146096110343933,2.56760382652283,2.5,84,Algeria,5.295,0.979,1.154,0.687,0.077,0.055,0.135
Ecuador,ECU,"Suicide mortality rate (per 100,000 population)",SH.STA.SUIC.P5,180.7,10.5,6.4,9.04,8.8,Ecuador,Latin America and Caribbean,48,5.975,0.04528,0.86402,0.99903,0.79075,0.48574,0.1809,0.11541,2.53942,9.0,Ecuador,Latin America and Caribbean,51,5.976,5.88,6.072,0.97306,0.85974,0.68613,0.4027,0.18037,0.10074,2.77366,9.2,Ecuador,44,6.00799989700317,6.10584767535329,5.91015211865306,1.00082039833069,1.28616881370544,0.685636222362518,0.4551981985569,0.150112465023994,0.140134647488594,2.29035258293152,8.1,48,Ecuador,5.973,0.889,1.33,0.736,0.556,0.114,0.12
Spain,ESP,"Suicide mortality rate (per 100,000 population)",SH.STA.SUIC.P5,158.4,8.6,6.9,7.92,7.9,Spain,Western Europe,36,6.329,0.03468,1.23011,1.31379,0.95562,0.45951,0.06398,0.18227,2.12367,7.8,Spain,Western Europe,37,6.361,6.288,6.434,1.34253,1.12945,0.87896,0.37545,0.06137,0.17665,2.39663,8.2,Spain,34,6.40299987792969,6.4710548453033,6.33494491055608,1.38439786434174,1.53209090232849,0.888960599899292,0.408781230449677,0.190133571624756,0.0709140971302986,1.92775774002075,7.8,36,Spain,6.31,1.251,1.538,0.965,0.449,0.142,0.074
Estonia,EST,"Suicide mortality rate (per 100,000 population)",SH.STA.SUIC.P5,426.1,30.3,14.9,21.31,15.9,Estonia,Central and Eastern Europe,73,5.429,0.04013,1.15174,1.22791,0.77361,0.44888,0.15184,0.0868,1.58782,15.7,Estonia,Central and Eastern Europe,72,5.517,5.437,5.597,1.27964,1.05163,0.68098,0.41511,0.18519,0.08423,1.81985,18.7,Estonia,66,5.61100006103516,5.68813987419009,5.53386024788022,1.32087934017181,1.47667109966278,0.695168316364288,0.479131430387497,0.0988908112049103,0.183248922228813,1.35750865936279,15.3,63,Estonia,5.739,1.2,1.532,0.737,0.553,0.086,0.174
Ethiopia,ETH,"Suicide mortality rate (per 100,000 population)",SH.STA.SUIC.P5,141.7,9.7,5.4,7.09,5.5,Ethiopia,Sub-Saharan Africa,122,4.512,0.0378,0.19073,0.60406,0.44055,0.4345,0.15048,0.24325,2.44876,5.5,Ethiopia,Sub-Saharan Africa,115,4.508,4.425,4.591,0.29283,0.37932,0.34578,0.36703,0.1717,0.29522,2.65614,5.4,Ethiopia,119,4.46000003814697,4.54272867664695,4.377271399647,0.339233845472336,0.86466920375824,0.353409707546234,0.408842742443085,0.312650740146637,0.165455713868141,2.01574373245239,5.4,127,Ethiopia,4.35,0.308,0.95,0.391,0.452,0.22,0.146
Finland,FIN,"Suicide mortality rate (per 100,000 population)",SH.STA.SUIC.P5,377.6,24.3,14,18.88,14.0,Finland,Western Europe,6,7.406,0.0314,1.29025,1.31826,0.88911,0.64169,0.41372,0.23351,2.61955,15.2,Finland,Western Europe,5,7.413,7.351,7.475,1.40598,1.13464,0.81091,0.57104,0.41004,0.25492,2.82596,15.9,Finland,5,7.4689998626709,7.52754207581282,7.41045764952898,1.44357192516327,1.5402467250824,0.80915766954422,0.617950856685638,0.24548277258873,0.38261154294014,2.4301815032959,16.2,1,Finland,7.632,1.305,1.592,0.874,0.681,0.202,0.393
France,FRA,"Suicide mortality rate (per 100,000 population)",SH.STA.SUIC.P5,351.1,20.2,13.8,17.56,15.8,France,Western Europe,29,6.575,0.03512,1.27778,1.26038,0.94579,0.55011,0.20646,0.12332,2.21126,14.9,France,Western Europe,32,6.478,6.397,6.559,1.39488,1.00508,0.83795,0.46562,0.17808,0.1216,2.4744,14.6,France,31,6.44199991226196,6.51576780244708,6.36823202207685,1.43092346191406,1.38777685165405,0.844465851783752,0.470222115516663,0.129762306809425,0.172502428293228,2.00595474243164,14.2,23,France,6.489,1.293,1.466,0.908,0.52,0.098,0.176
Gabon,GAB,"Suicide mortality rate (per 100,000 population)",SH.STA.SUIC.P5,202.2,13,8.4,10.11,9.6,Gabon,Sub-Saharan Africa,143,3.896,0.04547,1.06024,0.90528,0.43372,0.31914,0.11091,0.06822,0.99895,9.2,Gabon,Sub-Saharan Africa,134,4.121,4.03,4.212,1.15851,0.72368,0.3494,0.28098,0.09314,0.06244,1.45332,8.8,Gabon,118,4.46500015258789,4.5573617656529,4.37263853952289,1.1982102394104,1.1556202173233,0.356578588485718,0.312328577041626,0.0437853783369064,0.0760467872023582,1.32291626930237,8.6,103,Gabon,4.758,1.036,1.164,0.404,0.356,0.032,0.052
United Kingdom,GBR,"Suicide mortality rate (per 100,000 population)",SH.STA.SUIC.P5,163.9,8.8,7.6,8.2,8.8,United Kingdom,Western Europe,21,6.867,0.01866,1.26637,1.28548,0.90943,0.59625,0.32067,0.51912,1.96994,8.5,United Kingdom,Western Europe,23,6.725,6.647,6.803,1.40283,1.08672,0.80991,0.50036,0.27399,0.50156,2.14999,8.2,United Kingdom,19,6.71400022506714,6.78379176110029,6.64420868903399,1.44163393974304,1.49646008014679,0.805335938930511,0.508190035820007,0.492774158716202,0.265428066253662,1.70414352416992,8.1,11,United Kingdom,7.19,1.244,1.433,0.888,0.464,0.262,0.082
Georgia,GEO,"Suicide mortality rate (per 100,000 population)",SH.STA.SUIC.P5,166.7,10.7,6.1,8.34,10.5,Georgia,Central and Eastern Europe,130,4.297,0.04221,0.7419,0.38562,0.72926,0.40577,0.38331,0.05547,1.59541,10.7,Georgia,Central and Eastern Europe,126,4.252,4.164,4.34,0.83792,0.19249,0.64035,0.32461,0.3188,0.06786,1.87031,9.6,Georgia,125,4.28599977493286,4.37493396580219,4.19706558406353,0.950612664222717,0.57061493396759,0.649546980857849,0.309410035610199,0.0540088154375553,0.251666635274887,1.50013780593872,9.4,128,Georgia,4.34,0.853,0.592,0.643,0.375,0.038,0.215
Ghana,GHA,"Suicide mortality rate (per 100,000 population)",SH.STA.SUIC.P5,139.8,7.8,5.4,6.99,7.3,Ghana,Sub-Saharan Africa,114,4.633,0.04742,0.54558,0.67954,0.40132,0.42342,0.04355,0.23087,2.30919,7.2,Ghana,Sub-Saharan Africa,124,4.276,4.185,4.367,0.63107,0.49353,0.29681,0.40973,0.0326,0.21203,2.2002,7.0,Ghana,131,4.11999988555908,4.22270720854402,4.01729256257415,0.667224824428558,0.873664736747742,0.295637726783752,0.423026293516159,0.256923943758011,0.0253363698720932,1.57786750793457,6.6,108,Ghana,4.657,0.592,0.896,0.337,0.499,0.212,0.029
Guinea,GIN,"Suicide mortality rate (per 100,000 population)",SH.STA.SUIC.P5,128.8,7.3,5.4,6.44,7.2,Guinea,Sub-Saharan Africa,150,3.656,0.0359,0.17417,0.46475,0.24009,0.37725,0.12139,0.28657,1.99172,7.1,Guinea,Sub-Saharan Africa,151,3.607,3.533,3.681,0.22415,0.3109,0.18829,0.30953,0.1192,0.29914,2.15604,7.0,Guinea,149,3.50699996948242,3.58442812889814,3.4295718100667,0.244549930095673,0.791244685649872,0.194129139184952,0.348587512969971,0.264815092086792,0.110937617719173,1.55231189727783,6.9,140,Guinea,3.964,0.344,0.792,0.211,0.394,0.185,0.094
Greece,GRC,"Suicide mortality rate (per 100,000 population)",SH.STA.SUIC.P5,81.3,5.3,2.9,4.07,5.0,Greece,Western Europe,102,4.857,0.05062,1.15406,0.92933,0.88213,0.07699,0.01397,0.0,1.80101,4.7,Greece,Western Europe,99,5.033,4.935,5.131,1.24886,0.75473,0.80029,0.05822,0.04127,0.0,2.12944,5.1,Greece,87,5.22700023651123,5.3252461694181,5.12875430360436,1.28948748111725,1.23941457271576,0.810198903083801,0.0957312509417534,0.0,0.04328977689147,1.74922156333923,5.1,79,Greece,5.358,1.154,1.202,0.879,0.131,0.0,0.044
Guatemala,GTM,"Suicide mortality rate (per 100,000 population)",SH.STA.SUIC.P5,160.2,11.4,5.6,8.01,5.8,Guatemala,Latin America and Caribbean,43,6.123,0.05224,0.74553,1.04356,0.64425,0.57733,0.09472,0.27489,2.74255,5.7,Guatemala,Latin America and Caribbean,39,6.324,6.213,6.435,0.83454,0.87119,0.54039,0.50379,0.08701,0.28808,3.19863,5.6,Guatemala,29,6.4539999961853,6.56687397271395,6.34112601965666,0.872001945972443,1.25558519363403,0.540239989757538,0.531310617923737,0.283488392829895,0.0772232785820961,2.89389109611511,6.0,30,Guatemala,6.382,0.781,1.268,0.608,0.604,0.179,0.071
Honduras,HND,"Suicide mortality rate (per 100,000 population)",SH.STA.SUIC.P5,47.2,4,1.9,2.36,4.0,Honduras,Latin America and Caribbean,105,4.788,0.05648,0.59532,0.95348,0.6951,0.40148,0.06825,0.23027,1.84408,2.0,Honduras,Latin America and Caribbean,104,4.871,4.75,4.992,0.69429,0.75596,0.58383,0.26755,0.06906,0.2044,2.29551,2.1,Honduras,91,5.18100023269653,5.30158279687166,5.0604176685214,0.730573117733002,1.14394497871399,0.582569479942322,0.348079860210419,0.236188873648643,0.0733454525470734,2.06581115722656,2.0,72,Honduras,5.504,0.62,1.205,0.622,0.459,0.197,0.074
Croatia,HRV,"Suicide mortality rate (per 100,000 population)",SH.STA.SUIC.P5,362.5,20.8,15.7,18.13,17.6,Croatia,Central and Eastern Europe,62,5.759,0.04394,1.08254,0.79624,0.78805,0.25883,0.0243,0.05444,2.75414,16.4,Croatia,Central and Eastern Europe,74,5.488,5.402,5.574,1.18649,0.60809,0.70524,0.23907,0.04002,0.18434,2.52462,15.7,Croatia,77,5.29300022125244,5.39177720457315,5.19422323793173,1.22255623340607,0.96798300743103,0.701288521289825,0.255772292613983,0.248002976179123,0.0431031100451946,1.85449242591858,16.4,82,Croatia,5.321,1.115,1.161,0.737,0.38,0.12,0.039
Haiti,HTI,"Suicide mortality rate (per 100,000 population)",SH.STA.SUIC.P5,195.9,10.9,9,9.8,10.0,Haiti,Latin America and Caribbean,119,4.518,0.07331,0.26673,0.74302,0.38847,0.24425,0.17175,0.46187,2.24173,9.8,Haiti,Latin America and Caribbean,136,4.028,3.893,4.163,0.34097,0.29561,0.27494,0.12072,0.14476,0.47958,2.37116,9.7,Haiti,145,3.6029999256134,3.73471479773521,3.47128505349159,0.368610262870789,0.640449821949005,0.277321130037308,0.0303698573261499,0.489203780889511,0.0998721495270729,1.69716763496399,9.7,148,Haiti,3.582,0.315,0.714,0.289,0.025,0.392,0.104
Hungary,HUN,"Suicide mortality rate (per 100,000 population)",SH.STA.SUIC.P5,482.7,33.4,16.6,24.14,19.9,Hungary,Central and Eastern Europe,104,4.8,0.06107,1.12094,1.20215,0.75905,0.32112,0.02758,0.128,1.24074,18.7,Hungary,Central and Eastern Europe,91,5.145,5.056,5.234,1.24142,0.93164,0.67608,0.1977,0.04472,0.099,1.95473,17.5,Hungary,75,5.32399988174438,5.40303970918059,5.24496005430818,1.2860119342804,1.34313309192657,0.687763452529907,0.175863519310951,0.0784016624093056,0.0366369374096394,1.71645927429199,17.7,69,Hungary,5.62,1.171,1.401,0.732,0.259,0.061,0.022
Indonesia,IDN,"Suicide mortality rate (per 100,000 population)",SH.STA.SUIC.P5,55.5,3.5,2.4,2.78,2.4,Indonesia,Southeastern Asia,74,5.399,0.02596,0.82827,1.08708,0.63793,0.46611,0.0,0.51535,1.86399,2.4,Indonesia,Southeastern Asia,79,5.314,5.237,5.391,0.95104,0.87625,0.49374,0.39237,0.00322,0.56521,2.03171,2.4,Indonesia,81,5.26200008392334,5.35288859814405,5.17111156970263,0.995538592338562,1.27444469928741,0.492345720529556,0.443323463201523,0.611704587936401,0.0153171354904771,1.42947697639465,2.4,96,Indonesia,5.093,0.899,1.215,0.522,0.538,0.484,0.018
India,IND,"Suicide mortality rate (per 100,000 population)",SH.STA.SUIC.P5,288,17,12,14.4,12.3,India,Southern Asia,117,4.565,0.02043,0.64499,0.38174,0.51529,0.39786,0.08492,0.26475,2.27513,12.1,India,Southern Asia,118,4.404,4.351,4.457,0.74036,0.29247,0.45091,0.40285,0.08722,0.25028,2.18032,12.0,India,122,4.31500005722046,4.37152201749384,4.25847809694707,0.792221248149872,0.754372596740723,0.455427616834641,0.469987004995346,0.231538489460945,0.0922268852591515,1.5191171169281,12.6,133,India,4.19,0.721,0.747,0.485,0.539,0.172,0.093
Ireland,IRL,"Suicide mortality rate (per 100,000 population)",SH.STA.SUIC.P5,230.5,14,9.3,11.53,9.3,Ireland,Western Europe,18,6.94,0.03676,1.33596,1.36948,0.89533,0.61777,0.28703,0.45901,1.9757,10.0,Ireland,Western Europe,19,6.907,6.836,6.978,1.48341,1.16157,0.81455,0.54008,0.29754,0.44963,2.15988,10.0,Ireland,15,6.97700023651123,7.04335166752338,6.91064880549908,1.53570663928986,1.55823111534119,0.80978262424469,0.573110342025757,0.42785832285881,0.29838815331459,1.77386903762817,9.9,14,Ireland,6.977,1.448,1.583,0.876,0.614,0.307,0.306
Iraq,IRQ,"Suicide mortality rate (per 100,000 population)",SH.STA.SUIC.P5,77.3,4.2,3.6,3.87,4.1,Iraq,Middle East and Northern Africa,112,4.677,0.05232,0.98549,0.81889,0.60237,0.0,0.13788,0.17922,1.95335,4.0,Iraq,Middle East and Northern Africa,112,4.575,4.446,4.704,1.07474,0.59205,0.51076,0.24856,0.13636,0.19589,1.81657,3.9,Iraq,117,4.49700021743774,4.62259140968323,4.37140902519226,1.10271048545837,0.978613197803497,0.501180469989777,0.288555532693863,0.19963726401329,0.107215754687786,1.31890726089478,3.7,117,Iraq,4.456,1.01,0.971,0.536,0.304,0.148,0.095
Iceland,ISL,"Suicide mortality rate (per 100,000 population)",SH.STA.SUIC.P5,260.9,15.7,10.8,13.05,14.3,Iceland,Western Europe,2,7.561,0.04884,1.30232,1.40223,0.94784,0.62877,0.14145,0.4363,2.70201,13.0,Iceland,Western Europe,3,7.501,7.333,7.669,1.42666,1.18326,0.86733,0.56624,0.14975,0.47678,2.83137,12.2,Iceland,3,7.50400018692017,7.62203047305346,7.38596990078688,1.480633020401,1.6105740070343,0.833552122116089,0.627162635326385,0.475540220737457,0.153526559472084,2.32271528244019,10.8,4,Iceland,7.495,1.343,1.644,0.914,0.677,0.353,0.138
Israel,ISR,"Suicide mortality rate (per 100,000 population)",SH.STA.SUIC.P5,114.6,6.8,4.5,5.73,4.5,Israel,Middle East and Northern Africa,11,7.278,0.0347,1.22857,1.22393,0.91387,0.41319,0.07785,0.33172,3.08854,5.2,Israel,Middle East and Northern Africa,11,7.267,7.199,7.335,1.33766,0.99537,0.84917,0.36432,0.08728,0.32288,3.31029,5.1,Israel,11,7.21299982070923,7.27985325649381,7.14614638492465,1.37538242340088,1.37628996372223,0.83840399980545,0.405988603830338,0.330082654953003,0.0852421000599861,2.80175733566284,5.4,19,Israel,6.814,1.301,1.559,0.883,0.533,0.354,0.272
Italy,ITA,"Suicide mortality rate (per 100,000 population)",SH.STA.SUIC.P5,141.6,7.6,6.6,7.08,7.1,Italy,Western Europe,50,5.948,0.03914,1.25114,1.19777,0.95446,0.26236,0.02901,0.22823,2.02518,6.6,Italy,Western Europe,50,5.977,5.898,6.056,1.35495,1.04167,0.85102,0.18827,0.02556,0.16684,2.34918,7.1,Italy,48,5.96400022506714,6.04273690596223,5.88526354417205,1.39506661891937,1.44492328166962,0.853144347667694,0.256450712680817,0.17278964817524,0.0280280914157629,1.81331205368042,6.7,47,Italy,6.0,1.264,1.501,0.946,0.281,0.137,0.028
Jamaica,JAM,"Suicide mortality rate (per 100,000 population)",SH.STA.SUIC.P5,40,2.4,1.5,2,2.2,Jamaica,Latin America and Caribbean,65,5.709,0.13693,0.81038,1.15102,0.68741,0.50442,0.02299,0.2123,2.32038,2.2,Jamaica,Latin America and Caribbean,73,5.51,5.315,5.705,0.89333,0.96372,0.59469,0.43597,0.04294,0.22245,2.35682,2.3,Jamaica,76,5.31099987030029,5.58139872848988,5.04060101211071,0.925579309463501,1.36821806430817,0.641022384166718,0.474307239055634,0.233818337321281,0.0552677810192108,1.61232566833496,2.3,56,Jamaica,5.89,0.819,1.493,0.693,0.575,0.096,0.031
Jordan,JOR,"Suicide mortality rate (per 100,000 population)",SH.STA.SUIC.P5,35.8,2.5,1.5,1.79,1.5,Jordan,Middle East and Northern Africa,82,5.192,0.04524,0.90198,1.05392,0.69639,0.40661,0.14293,0.11053,1.87996,1.5,Jordan,Middle East and Northern Africa,80,5.303,5.187,5.419,0.99673,0.86216,0.60712,0.36023,0.13297,0.14262,2.20142,1.5,Jordan,74,5.33599996566772,5.44841002240777,5.22358990892768,0.991012394428253,1.23908889293671,0.604590058326721,0.418421149253845,0.172170460224152,0.11980327218771,1.79117655754089,1.6,90,Jordan,5.161,0.822,1.265,0.645,0.468,0.13,0.134
Japan,JPN,"Suicide mortality rate (per 100,000 population)",SH.STA.SUIC.P5,439.3,25.6,15.3,21.97,19.1,Japan,Eastern Asia,46,5.987,0.03581,1.27074,1.25712,0.99111,0.49615,0.1806,0.10705,1.68435,17.5,Japan,Eastern Asia,53,5.921,5.85,5.992,1.38007,1.06054,0.91491,0.46761,0.18985,0.10224,1.80584,17.0,Japan,51,5.92000007629395,5.99071944460273,5.84928070798516,1.41691517829895,1.43633782863617,0.913475871086121,0.505625545978546,0.12057276815176,0.163760736584663,1.36322355270386,16.7,54,Japan,5.915,1.294,1.462,0.988,0.553,0.079,0.15
Kazakhstan,KAZ,"Suicide mortality rate (per 100,000 population)",SH.STA.SUIC.P5,613.9,39.7,17.6,30.7,23.2,Kazakhstan,Central and Eastern Europe,54,5.855,0.04114,1.12254,1.12241,0.64368,0.51649,0.08454,0.11827,2.24729,21.7,Kazakhstan,Central and Eastern Europe,54,5.919,5.837,6.001,1.22943,0.95544,0.57386,0.4052,0.11132,0.15011,2.49325,20.8,Kazakhstan,60,5.81899976730347,5.90364177465439,5.73435775995255,1.28455626964569,1.38436901569366,0.606041550636292,0.437454283237457,0.201964423060417,0.119282886385918,1.78489255905151,19.0,60,Kazakhstan,5.79,1.143,1.516,0.631,0.454,0.148,0.121
Kenya,KEN,"Suicide mortality rate (per 100,000 population)",SH.STA.SUIC.P5,121.2,7.6,5.4,6.06,5.5,Kenya,Sub-Saharan Africa,125,4.419,0.04734,0.36471,0.99876,0.41435,0.42215,0.05839,0.37542,1.78555,5.4,Kenya,Sub-Saharan Africa,122,4.356,4.259,4.453,0.52267,0.7624,0.30147,0.40576,0.06686,0.41328,1.88326,5.6,Kenya,112,4.55299997329712,4.65569159060717,4.45030835598707,0.560479462146759,1.06795072555542,0.309988349676132,0.452763766050339,0.444860309362411,0.0646413192152977,1.6519021987915,6.0,124,Kenya,4.41,0.493,1.048,0.454,0.504,0.352,0.055
Cambodia,KHM,"Suicide mortality rate (per 100,000 population)",SH.STA.SUIC.P5,104.7,5.7,4.9,5.24,5.1,Cambodia,Southeastern Asia,145,3.819,0.05069,0.46038,0.62736,0.61114,0.66246,0.07247,0.40359,0.98195,5.1,Cambodia,Southeastern Asia,140,3.907,3.798,4.016,0.55604,0.5375,0.42494,0.58852,0.08092,0.40339,1.31573,5.0,Cambodia,129,4.16800022125244,4.27851781353354,4.05748262897134,0.601765096187592,1.00623834133148,0.429783403873444,0.633375823497772,0.385922968387604,0.0681059509515762,1.04294109344482,4.9,120,Cambodia,4.433,0.549,1.088,0.457,0.696,0.256,0.065
Kuwait,KWT,"Suicide mortality rate (per 100,000 population)",SH.STA.SUIC.P5,52.9,3,2.3,2.65,2.6,Kuwait,Middle East and Northern Africa,39,6.295,0.04456,1.55422,1.16594,0.72492,0.55499,0.25609,0.16228,1.87634,2.6,Kuwait,Middle East and Northern Africa,41,6.239,6.154,6.324,1.61714,0.87758,0.63569,0.43166,0.23669,0.15965,2.28085,2.7,Kuwait,39,6.10500001907349,6.1919569888711,6.01804304927588,1.63295245170593,1.25969874858856,0.632105708122253,0.496337592601776,0.228289797902107,0.215159550309181,1.64042520523071,2.8,45,Kuwait,6.083,1.474,1.301,0.675,0.554,0.167,0.106
Lebanon,LBN,"Suicide mortality rate (per 100,000 population)",SH.STA.SUIC.P5,56.1,3,2.5,2.81,2.8,Lebanon,Middle East and Northern Africa,103,4.839,0.04337,1.02564,0.80001,0.83947,0.33916,0.04582,0.21854,1.57059,2.7,Lebanon,Middle East and Northern Africa,93,5.129,5.031,5.227,1.12268,0.64184,0.76171,0.26228,0.03061,0.23693,2.07339,3.0,Lebanon,88,5.22499990463257,5.31888228848577,5.13111752077937,1.07498753070831,1.12962424755096,0.735081076622009,0.288515985012054,0.264450758695602,0.037513829767704,1.69507384300232,2.5,80,Lebanon,5.358,0.965,1.179,0.785,0.503,0.214,0.136
Liberia,LBR,"Suicide mortality rate (per 100,000 population)",SH.STA.SUIC.P5,95.4,5.1,4.4,4.77,4.5,Liberia,Sub-Saharan Africa,116,4.571,0.11068,0.0712,0.78968,0.34201,0.28531,0.06232,0.24362,2.77729,4.5,Liberia,Sub-Saharan Africa,150,3.622,3.463,3.781,0.10706,0.50353,0.23165,0.25748,0.04852,0.24063,2.23284,4.5,Liberia,148,3.53299999237061,3.65375626087189,3.41224372386932,0.119041793048382,0.872117936611176,0.229918196797371,0.332881182432175,0.26654988527298,0.0389482490718365,1.67328596115112,4.4,149,Liberia,3.495,0.076,0.858,0.267,0.419,0.206,0.03
Libya,LBY,"Suicide mortality rate (per 100,000 population)",SH.STA.SUIC.P5,103.1,6.3,4.2,5.16,5.6,Libya,Middle East and Northern Africa,63,5.754,0.07832,1.13145,1.11862,0.7038,0.41668,0.11023,0.18295,2.09066,5.0,Libya,Middle East and Northern Africa,67,5.615,5.406,5.824,1.06688,0.95076,0.52304,0.40672,0.10339,0.17087,2.39374,5.5,Libya,68,5.52500009536743,5.67695380687714,5.37304638385773,1.10180306434631,1.35756433010101,0.520169019699097,0.465733230113983,0.152073666453362,0.0926102101802826,1.83501124382019,5.8,70,Libya,5.566,0.985,1.35,0.553,0.496,0.116,0.148
Sri Lanka,LKA,"Suicide mortality rate (per 100,000 population)",SH.STA.SUIC.P5,376.5,28.6,13.1,18.83,15.1,Sri Lanka,Southern Asia,132,4.271,0.03751,0.83524,1.01905,0.70806,0.53726,0.09179,0.40828,0.67108,14.8,Sri Lanka,Southern Asia,117,4.415,4.322,4.508,0.97318,0.84783,0.62007,0.50817,0.07964,0.46978,0.91681,14.4,Sri Lanka,120,4.44000005722046,4.55344719231129,4.32655292212963,1.00985014438629,1.25997638702393,0.625130832195282,0.561213254928589,0.490863561630249,0.0736539661884308,0.419389247894287,14.2,116,Sri Lanka,4.471,0.918,1.314,0.672,0.585,0.307,0.05
Lithuania,LTU,"Suicide mortality rate (per 100,000 population)",SH.STA.SUIC.P5,759.6,50.1,26.1,37.98,34.9,Lithuania,Central and Eastern Europe,56,5.833,0.03843,1.14723,1.25745,0.73128,0.21342,0.01031,0.02641,2.44649,32.8,Lithuania,Central and Eastern Europe,60,5.813,5.734,5.892,1.2692,1.06411,0.64674,0.18929,0.0182,0.02025,2.60525,29.7,Lithuania,52,5.90199995040894,5.98266964137554,5.82133025944233,1.31458234786987,1.47351610660553,0.62894994020462,0.234231784939766,0.010164656676352,0.0118656428530812,2.22844052314758,27.4,50,Lithuania,5.952,1.197,1.527,0.716,0.35,0.026,0.006
Luxembourg,LUX,"Suicide mortality rate (per 100,000 population)",SH.STA.SUIC.P5,256.9,16.7,9.8,12.85,12.2,Luxembourg,Western Europe,17,6.946,0.03499,1.56391,1.21963,0.91894,0.61583,0.37798,0.28034,1.96961,10.2,Luxembourg,Western Europe,20,6.871,6.804,6.938,1.69752,1.03999,0.84542,0.5487,0.35329,0.27571,2.11055,9.8,Luxembourg,18,6.86299991607666,6.92368609987199,6.80231373228133,1.74194359779358,1.45758366584778,0.845089495182037,0.59662789106369,0.283180981874466,0.31883442401886,1.61951208114624,10.6,17,Luxembourg,6.91,1.576,1.52,0.896,0.632,0.196,0.321
Latvia,LVA,"Suicide mortality rate (per 100,000 population)",SH.STA.SUIC.P5,490.1,34.7,18.1,24.51,21.6,Latvia,Central and Eastern Europe,89,5.098,0.0464,1.11312,1.09562,0.72437,0.29671,0.06332,0.18226,1.62215,21.3,Latvia,Central and Eastern Europe,68,5.56,5.486,5.634,1.21788,0.95025,0.63952,0.27996,0.0889,0.17445,2.20859,21.4,Latvia,54,5.84999990463257,5.92026353821158,5.77973627105355,1.26074862480164,1.40471494197845,0.638566970825195,0.325707912445068,0.153074786067009,0.0738427266478539,1.99365520477295,18.1,53,Latvia,5.933,1.148,1.454,0.671,0.363,0.092,0.066
Morocco,MAR,"Suicide mortality rate (per 100,000 population)",SH.STA.SUIC.P5,174.1,9.9,7.1,8.71,7.4,Morocco,Middle East and Northern Africa,92,5.013,0.0342,0.73479,0.64095,0.60954,0.41691,0.08546,0.07172,2.45373,7.2,Morocco,Middle East and Northern Africa,90,5.151,5.058,5.244,0.84058,0.38595,0.59471,0.25646,0.08404,0.04053,2.94891,7.1,Morocco,84,5.2350001335144,5.31834096476436,5.15165930226445,0.878114581108093,0.774864435195923,0.59771066904068,0.408158332109451,0.0322099551558495,0.0877631828188896,2.45618939399719,7.2,85,Morocco,5.254,0.779,0.797,0.669,0.46,0.026,0.074
Moldova,MDA,"Suicide mortality rate (per 100,000 population)",SH.STA.SUIC.P5,348.5,20.5,14.4,17.43,16.2,Moldova,Central and Eastern Europe,52,5.889,0.03799,0.59448,1.01528,0.61826,0.32818,0.01615,0.20951,3.10712,15.9,Moldova,Central and Eastern Europe,55,5.897,5.823,5.971,0.69177,0.83132,0.52309,0.25202,0.01903,0.19997,3.38007,14.9,Moldova,56,5.83799982070923,5.90837083846331,5.76762880295515,0.728870630264282,1.25182557106018,0.589465200901031,0.240729048848152,0.208779126405716,0.0100912861526012,2.80780839920044,14.4,67,Moldova,5.64,0.657,1.301,0.62,0.232,0.171,0.0
Madagascar,MDG,"Suicide mortality rate (per 100,000 population)",SH.STA.SUIC.P5,113.5,5.9,5.5,5.68,5.5,Madagascar,Sub-Saharan Africa,147,3.681,0.03633,0.20824,0.66801,0.46721,0.19184,0.08124,0.21333,1.851,5.5,Madagascar,Sub-Saharan Africa,148,3.695,3.621,3.769,0.27954,0.46115,0.37109,0.13684,0.07506,0.2204,2.15075,5.5,Madagascar,144,3.64400005340576,3.71431910589337,3.57368100091815,0.305808693170547,0.913020372390747,0.375223308801651,0.189196765422821,0.208732530474663,0.0672319754958153,1.58461260795593,5.5,143,Madagascar,3.774,0.262,0.908,0.402,0.221,0.155,0.049
Mexico,MEX,"Suicide mortality rate (per 100,000 population)",SH.STA.SUIC.P5,93.7,5.9,3.5,4.69,5.6,Mexico,Latin America and Caribbean,14,7.187,0.04176,1.02054,0.91451,0.81444,0.48181,0.21312,0.14074,3.60214,5.6,Mexico,Latin America and Caribbean,21,6.778,6.68,6.876,1.11508,0.7146,0.71143,0.37709,0.18355,0.11735,3.55906,5.9,Mexico,25,6.57800006866455,6.67114890769124,6.48485122963786,1.15318381786346,1.210862159729,0.709978997707367,0.412730008363724,0.120990432798862,0.132774114608765,2.83715486526489,5.4,24,Mexico,6.488,1.038,1.252,0.761,0.479,0.069,0.095
Mali,MLI,"Suicide mortality rate (per 100,000 population)",SH.STA.SUIC.P5,89.4,4.8,4.1,4.47,4.3,Mali,Sub-Saharan Africa,138,3.995,0.05602,0.26074,1.03526,0.20583,0.38857,0.12352,0.18798,1.79293,4.2,Mali,Sub-Saharan Africa,135,4.073,3.988,4.158,0.31292,0.86333,0.16347,0.27544,0.13647,0.21064,2.11087,4.1,Mali,127,4.19000005722046,4.26967071101069,4.11032940343022,0.476180493831635,1.28147339820862,0.169365674257278,0.306613743305206,0.183354198932648,0.104970246553421,1.66819095611572,4.1,118,Mali,4.447,0.37,1.233,0.152,0.367,0.139,0.056
Malta,MLT,"Suicide mortality rate (per 100,000 population)",SH.STA.SUIC.P5,127,7.5,5.4,6.35,7.2,Malta,Western Europe,37,6.302,0.04206,1.2074,1.30203,0.88721,0.60365,0.13586,0.51752,1.6488,5.8,Malta,Western Europe,30,6.488,6.409,6.567,1.30782,1.09879,0.80315,0.54994,0.17554,0.56237,1.99032,5.5,Malta,27,6.52699995040894,6.59839677289128,6.45560312792659,1.34327983856201,1.48841166496277,0.821944236755371,0.588767051696777,0.574730575084686,0.153066068887711,1.55686283111572,6.0,22,Malta,6.627,1.27,1.525,0.884,0.645,0.376,0.142
Myanmar,MMR,"Suicide mortality rate (per 100,000 population)",SH.STA.SUIC.P5,73.2,4.7,2.9,3.66,3.2,Myanmar,Southeastern Asia,129,4.307,0.04351,0.27108,0.70905,0.48246,0.44017,0.19034,0.79588,1.41805,3.2,Myanmar,Southeastern Asia,119,4.395,4.327,4.463,0.34112,0.69981,0.3988,0.42692,0.20243,0.81971,1.50655,3.0,Myanmar,114,4.54500007629395,4.61473994642496,4.47526020616293,0.367110550403595,1.12323594093323,0.397522568702698,0.514492034912109,0.838075160980225,0.188816204667091,1.11529040336609,2.9,130,Myanmar,4.308,0.682,1.174,0.429,0.58,0.598,0.178
Montenegro,MNE,"Suicide mortality rate (per 100,000 population)",SH.STA.SUIC.P5,417.8,22.3,19.9,20.89,20.7,Montenegro,Central and Eastern Europe,82,5.192,0.05235,0.97438,0.90557,0.72521,0.1826,0.14296,0.1614,2.10017,20.8,Montenegro,Central and Eastern Europe,88,5.161,5.055,5.267,1.07838,0.74173,0.63533,0.15111,0.12721,0.17191,2.25531,21.1,Montenegro,83,5.23699998855591,5.34104444056749,5.13295553654432,1.12112903594971,1.23837649822235,0.667464673519135,0.194989055395126,0.197911024093628,0.0881741940975189,1.72919154167175,21.2,81,Montenegro,5.347,1.017,1.279,0.729,0.259,0.111,0.081
Mongolia,MNG,"Suicide mortality rate (per 100,000 population)",SH.STA.SUIC.P5,436.1,24,17.9,21.81,20.0,Mongolia,Eastern Asia,100,4.874,0.03313,0.82819,1.3006,0.60268,0.43626,0.02666,0.3323,1.34759,20.1,Mongolia,Eastern Asia,101,4.907,4.838,4.976,0.98853,1.08983,0.55469,0.35972,0.03285,0.34539,1.53586,19.2,Mongolia,100,4.95499992370605,5.0216795091331,4.88832033827901,1.02723586559296,1.4930112361908,0.557783484458923,0.394143968820572,0.338464230298996,0.0329022891819477,1.11129236221313,18.6,94,Mongolia,5.125,0.914,1.517,0.575,0.395,0.253,0.032
Mauritania,MRT,"Suicide mortality rate (per 100,000 population)",SH.STA.SUIC.P5,63.4,3.5,3,3.17,3.0,Mauritania,Sub-Saharan Africa,124,4.436,0.03947,0.45407,0.86908,0.35874,0.24232,0.17461,0.219,2.11773,3.0,Mauritania,Sub-Saharan Africa,130,4.201,4.127,4.275,0.61391,0.84142,0.28639,0.1268,0.17955,0.22686,1.9263,3.1,Mauritania,123,4.29199981689453,4.37716361626983,4.20683601751924,0.648457288742065,1.2720308303833,0.285349279642105,0.0960980430245399,0.201870024204254,0.136957004666328,1.65163731575012,3.1,126,Mauritania,4.356,0.557,1.245,0.292,0.129,0.134,0.093
Mauritius,MUS,"Suicide mortality rate (per 100,000 population)",SH.STA.SUIC.P5,182,11.8,6.7,9.1,7.9,Mauritius,Sub-Saharan Africa,71,5.477,0.07197,1.00761,0.98521,0.7095,0.56066,0.07521,0.37744,1.76145,8.1,Mauritius,Sub-Saharan Africa,66,5.648,5.507,5.789,1.14372,0.75695,0.66189,0.46145,0.05203,0.36951,2.20223,9.6,Mauritius,64,5.62900018692017,5.72986219167709,5.52813818216324,1.18939554691315,1.20956099033356,0.638007462024689,0.491247326135635,0.360933750867844,0.0421815551817417,1.6975839138031,8.7,55,Mauritius,5.891,1.09,1.387,0.684,0.584,0.245,0.05
Malawi,MWI,"Suicide mortality rate (per 100,000 population)",SH.STA.SUIC.P5,147.7,10.8,5.4,7.39,6.2,Malawi,Sub-Saharan Africa,131,4.292,0.0613,0.01604,0.41134,0.22562,0.43054,0.06977,0.33128,2.80791,6.1,Malawi,Sub-Saharan Africa,132,4.156,4.041,4.271,0.08709,0.147,0.29364,0.4143,0.07564,0.30968,2.82859,5.9,Malawi,136,3.97000002861023,4.07747881740332,3.86252123981714,0.233442038297653,0.512568831443787,0.315089583396912,0.466914653778076,0.287170469760895,0.0727116540074348,2.08178615570068,5.6,147,Malawi,3.587,0.186,0.541,0.306,0.531,0.21,0.08
Malaysia,MYS,"Suicide mortality rate (per 100,000 population)",SH.STA.SUIC.P5,94.8,5.7,4.4,4.74,4.8,Malaysia,Southeastern Asia,61,5.77,0.0433,1.12486,1.07023,0.72394,0.53024,0.10501,0.33075,1.88541,5.1,Malaysia,Southeastern Asia,47,6.005,5.921,6.089,1.25142,0.88025,0.62366,0.39031,0.09081,0.41474,2.35384,5.4,Malaysia,42,6.08400011062622,6.17997963652015,5.98802058473229,1.29121541976929,1.28464603424072,0.618784427642822,0.402264982461929,0.416608929634094,0.0656007081270218,2.00444889068604,5.4,35,Malaysia,6.322,1.161,1.258,0.669,0.356,0.311,0.059
Niger,NER,"Suicide mortality rate (per 100,000 population)",SH.STA.SUIC.P5,105.6,5.5,5,5.28,5.4,Niger,Sub-Saharan Africa,144,3.845,0.03602,0.0694,0.77265,0.29707,0.47692,0.15639,0.19387,1.87877,5.3,Niger,Sub-Saharan Africa,142,3.856,3.781,3.931,0.1327,0.6053,0.26162,0.38041,0.17176,0.2097,2.09469,5.3,Niger,135,4.02799987792969,4.11194681972265,3.94405293613672,0.161925330758095,0.993025004863739,0.26850500702858,0.36365869641304,0.228673845529556,0.138572946190834,1.87398338317871,5.3,134,Niger,4.166,0.131,0.867,0.221,0.39,0.175,0.099
Nigeria,NGA,"Suicide mortality rate (per 100,000 population)",SH.STA.SUIC.P5,86.5,4.9,3.5,4.33,3.7,Nigeria,Sub-Saharan Africa,78,5.268,0.04192,0.65435,0.90432,0.16007,0.34334,0.0403,0.27233,2.89319,3.7,Nigeria,Sub-Saharan Africa,103,4.875,4.75,5.0,0.75216,0.64498,0.05108,0.27854,0.0305,0.23219,2.88586,3.6,Nigeria,95,5.07399988174438,5.20950013548136,4.93849962800741,0.783756256103516,1.21577048301697,0.0569157302379608,0.394952565431595,0.230947196483612,0.0261215660721064,2.36539053916931,3.5,91,Nigeria,5.155,0.689,1.172,0.048,0.462,0.201,0.032
Nicaragua,NIC,"Suicide mortality rate (per 100,000 population)",SH.STA.SUIC.P5,97.9,5.6,4.2,4.9,4.2,Nicaragua,Latin America and Caribbean,57,5.828,0.05371,0.59325,1.14184,0.74314,0.55475,0.19317,0.27815,2.32407,4.4,Nicaragua,Latin America and Caribbean,48,5.992,5.877,6.107,0.69384,0.89521,0.65213,0.46582,0.16292,0.29773,2.82428,4.4,Nicaragua,43,6.07100009918213,6.18658360034227,5.95541659802198,0.737299203872681,1.28721570968628,0.653095960617065,0.447551846504211,0.301674216985703,0.130687981843948,2.51393055915833,4.5,41,Nicaragua,6.141,0.668,1.319,0.7,0.527,0.208,0.128
Netherlands,NLD,"Suicide mortality rate (per 100,000 population)",SH.STA.SUIC.P5,207.8,12.1,8.4,10.39,11.8,Netherlands,Western Europe,7,7.378,0.02799,1.32944,1.28017,0.89284,0.61576,0.31814,0.4761,2.4657,11.9,Netherlands,Western Europe,7,7.339,7.284,7.394,1.46468,1.02912,0.81231,0.55211,0.29927,0.47416,2.70749,12.1,Netherlands,6,7.3769998550415,7.42742584124207,7.32657386884093,1.50394463539124,1.42893922328949,0.810696125030518,0.585384488105774,0.470489829778671,0.282661825418472,2.29480409622192,11.4,6,Netherlands,7.441,1.361,1.488,0.878,0.638,0.333,0.295
Norway,NOR,"Suicide mortality rate (per 100,000 population)",SH.STA.SUIC.P5,248.1,14.2,11.4,12.41,12.5,Norway,Western Europe,4,7.522,0.0388,1.459,1.33095,0.88521,0.66973,0.36503,0.34699,2.46531,12.6,Norway,Western Europe,4,7.498,7.421,7.575,1.57744,1.1269,0.79579,0.59609,0.35776,0.37895,2.66465,12.1,Norway,1,7.53700017929077,7.59444482058287,7.47955553799868,1.61646318435669,1.53352355957031,0.796666502952576,0.635422587394714,0.36201223731041,0.315963834524155,2.27702665328979,12.0,2,Norway,7.594,1.456,1.582,0.861,0.686,0.286,0.34
Nepal,NPL,"Suicide mortality rate (per 100,000 population)",SH.STA.SUIC.P5,167.7,9,7.7,8.39,8.5,Nepal,Southern Asia,121,4.514,0.03607,0.35997,0.86449,0.56874,0.38282,0.05907,0.32296,1.95637,8.5,Nepal,Southern Asia,107,4.793,4.698,4.888,0.44626,0.69699,0.50073,0.37012,0.07008,0.3816,2.32694,8.7,Nepal,99,4.96199989318848,5.06735607936978,4.85664370700717,0.479820191860199,1.17928326129913,0.504130780696869,0.440305948257446,0.394096165895462,0.0729755461215973,1.8912410736084,8.8,101,Nepal,4.88,0.425,1.228,0.539,0.526,0.302,0.078
New Zealand,NZL,"Suicide mortality rate (per 100,000 population)",SH.STA.SUIC.P5,246.6,13.9,11,12.33,11.7,New Zealand,Australia and New Zealand,9,7.286,0.03371,1.25018,1.31967,0.90837,0.63938,0.42922,0.47501,2.26425,12.2,New Zealand,Australia and New Zealand,8,7.334,7.264,7.404,1.36066,1.17278,0.83096,0.58147,0.41904,0.49401,2.47553,12.7,New Zealand,8,7.31400012969971,7.3795104418695,7.24848981752992,1.40570604801178,1.54819512367249,0.816759705543518,0.614062130451202,0.500005125999451,0.382816702127457,2.0464563369751,11.4,8,New Zealand,7.324,1.268,1.601,0.876,0.669,0.365,0.389
Pakistan,PAK,"Suicide mortality rate (per 100,000 population)",SH.STA.SUIC.P5,179.3,9.2,8.7,8.97,9.0,Pakistan,Southern Asia,81,5.194,0.03726,0.59543,0.41411,0.51466,0.12102,0.10464,0.33671,3.10709,9.1,Pakistan,Southern Asia,92,5.132,5.038,5.226,0.68816,0.26135,0.40306,0.14622,0.1388,0.31185,3.18286,9.1,Pakistan,80,5.26900005340576,5.35998364135623,5.17801646545529,0.72688353061676,0.672690689563751,0.402047783136368,0.23521526157856,0.315446019172668,0.124348066747189,2.79248929023743,8.9,75,Pakistan,5.472,0.652,0.81,0.424,0.334,0.216,0.113
Panama,PAN,"Suicide mortality rate (per 100,000 population)",SH.STA.SUIC.P5,88.2,5.9,2.9,4.41,2.9,Panama,Latin America and Caribbean,25,6.786,0.0491,1.06353,1.1985,0.79661,0.5421,0.0927,0.24434,2.84848,3.3,Panama,Latin America and Caribbean,25,6.701,6.601,6.801,1.18306,0.98912,0.70835,0.48927,0.08423,0.2418,3.00559,3.2,Panama,30,6.4520001411438,6.55713071614504,6.34686956614256,1.23374843597412,1.37319254875183,0.706156134605408,0.550026834011078,0.21055693924427,0.070983923971653,2.30719995498657,2.9,27,Panama,6.43,1.112,1.438,0.759,0.597,0.125,0.063
Peru,PER,"Suicide mortality rate (per 100,000 population)",SH.STA.SUIC.P5,58.3,3.5,2.6,2.92,2.7,Peru,Latin America and Caribbean,58,5.824,0.04615,0.90019,0.97459,0.73017,0.41496,0.05989,0.14982,2.5945,2.6,Peru,Latin America and Caribbean,64,5.743,5.647,5.839,0.99602,0.81255,0.62994,0.37502,0.05292,0.14527,2.73117,2.7,Peru,63,5.71500015258789,5.81194677859545,5.61805352658033,1.03522527217865,1.21877038478851,0.630166113376617,0.450002878904343,0.126819714903831,0.0470490865409374,2.20726943016052,2.8,65,Peru,5.663,0.934,1.249,0.674,0.53,0.092,0.034
Philippines,PHL,"Suicide mortality rate (per 100,000 population)",SH.STA.SUIC.P5,42,2.7,1.5,2.1,2.3,Philippines,Southeastern Asia,90,5.073,0.04934,0.70532,1.03516,0.58114,0.62545,0.12279,0.24991,1.7536,2.2,Philippines,Southeastern Asia,82,5.279,5.16,5.398,0.81217,0.87877,0.47036,0.54854,0.11757,0.21674,2.23484,2.2,Philippines,72,5.42999982833862,5.54533505424857,5.31466460242867,0.85769921541214,1.25391757488251,0.468009054660797,0.585214674472809,0.193513423204422,0.0993318930268288,1.97260475158691,2.2,71,Philippines,5.524,0.775,1.312,0.513,0.643,0.12,0.105
Poland,POL,"Suicide mortality rate (per 100,000 population)",SH.STA.SUIC.P5,330.5,19.2,11.3,16.53,15.9,Poland,Central and Eastern Europe,60,5.791,0.04263,1.12555,1.27948,0.77903,0.53122,0.04212,0.16759,1.86565,13.8,Poland,Central and Eastern Europe,57,5.835,5.749,5.921,1.24585,1.04685,0.69058,0.4519,0.055,0.14443,2.20035,13.3,Poland,46,5.97300004959106,6.05390834122896,5.89209175795317,1.29178786277771,1.44571197032928,0.699475347995758,0.520342111587524,0.158465966582298,0.0593078061938286,1.79772281646729,12.7,42,Poland,6.123,1.176,1.448,0.781,0.546,0.108,0.064
Portugal,PRT,"Suicide mortality rate (per 100,000 population)",SH.STA.SUIC.P5,239,14.2,7.6,11.95,13.2,Portugal,Western Europe,88,5.102,0.04802,1.15991,1.13935,0.87519,0.51469,0.01078,0.13719,1.26462,11.4,Portugal,Western Europe,94,5.123,5.03,5.216,1.27607,0.94367,0.79363,0.44727,0.01521,0.11691,1.53015,12.0,Portugal,89,5.19500017166138,5.28504173308611,5.10495861023665,1.3151752948761,1.36704301834106,0.795843541622162,0.498465299606323,0.0951027125120163,0.0158694516867399,1.10768270492554,11.7,77,Portugal,5.41,1.188,1.429,0.884,0.562,0.055,0.017
Paraguay,PRY,"Suicide mortality rate (per 100,000 population)",SH.STA.SUIC.P5,90.4,6.1,3.1,4.52,5.7,Paraguay,Latin America and Caribbean,53,5.878,0.04563,0.75985,1.30477,0.66098,0.53899,0.08242,0.3424,2.18896,5.3,Paraguay,Latin America and Caribbean,70,5.538,5.453,5.623,0.89373,1.11111,0.58295,0.46235,0.07396,0.25296,2.16091,6.1,Paraguay,70,5.49300003051758,5.57738126963377,5.40861879140139,0.932537317276001,1.50728487968445,0.579250693321228,0.473507791757584,0.224150657653809,0.091065913438797,1.6853334903717,6.0,64,Paraguay,5.681,0.835,1.522,0.615,0.541,0.162,0.074
Qatar,QAT,"Suicide mortality rate (per 100,000 population)",SH.STA.SUIC.P5,143.1,8.4,5.8,7.16,6.1,Qatar,Middle East and Northern Africa,28,6.611,0.06257,1.69042,1.0786,0.79733,0.6404,0.52208,0.32573,1.55674,6.1,Qatar,Middle East and Northern Africa,36,6.375,6.178,6.572,1.82427,0.87964,0.71723,0.56679,0.48049,0.32388,1.58224,5.8,Qatar,35,6.375,6.56847681432962,6.18152318567038,1.87076568603516,1.27429687976837,0.710098087787628,0.604130983352661,0.330473870038986,0.439299255609512,1.1454644203186,5.8,32,Qatar,6.374,1.649,1.303,0.748,0.654,0.256,0.171
Romania,ROU,"Suicide mortality rate (per 100,000 population)",SH.STA.SUIC.P5,239.4,14.2,9.7,11.97,11.5,Romania,Central and Eastern Europe,86,5.124,0.06607,1.04345,0.88588,0.7689,0.35068,0.00649,0.13748,1.93129,10.2,Romania,Central and Eastern Europe,71,5.528,5.427,5.629,1.1697,0.72803,0.67602,0.36712,0.00679,0.12889,2.45184,10.1,Romania,57,5.82499980926514,5.91969415679574,5.73030546173453,1.21768391132355,1.15009129047394,0.685158312320709,0.457003742456436,0.133519917726517,0.00438790069893,2.17683148384094,10.2,52,Romania,5.945,1.116,1.219,0.726,0.528,0.088,0.001
Rwanda,RWA,"Suicide mortality rate (per 100,000 population)",SH.STA.SUIC.P5,161.2,15.8,5.6,8.06,5.7,Rwanda,Sub-Saharan Africa,154,3.465,0.03464,0.22208,0.7737,0.42864,0.59201,0.55191,0.22628,0.67042,5.7,Rwanda,Sub-Saharan Africa,152,3.515,3.444,3.586,0.32846,0.61586,0.31865,0.5432,0.50521,0.23552,0.96819,5.6,Rwanda,151,3.47099995613098,3.54303023353219,3.39896967872977,0.368745893239975,0.945707023143768,0.326424807310104,0.581843852996826,0.252756029367447,0.455220013856888,0.540061235427856,5.6,151,Rwanda,3.408,0.332,0.896,0.4,0.636,0.2,0.444
Saudi Arabia,SAU,"Suicide mortality rate (per 100,000 population)",SH.STA.SUIC.P5,100.4,6.6,3.2,5.02,6.3,Saudi Arabia,Middle East and Northern Africa,35,6.411,0.04633,1.39541,1.08393,0.72025,0.31048,0.32524,0.13706,2.43872,6.3,Saudi Arabia,Middle East and Northern Africa,34,6.379,6.287,6.471,1.48953,0.84829,0.59267,0.37904,0.30008,0.15457,2.61482,6.2,Saudi Arabia,37,6.3439998626709,6.44416661202908,6.24383311331272,1.53062355518341,1.28667759895325,0.590148329734802,0.449750572443008,0.147616013884544,0.27343225479126,2.0654296875,6.1,33,Saudi Arabia,6.371,1.379,1.331,0.633,0.509,0.098,0.127
Sudan,SDN,"Suicide mortality rate (per 100,000 population)",SH.STA.SUIC.P5,80.8,4.3,3.8,4.04,3.9,Sudan,Sub-Saharan Africa,118,4.55,0.0674,0.52107,1.01404,0.36878,0.10081,0.1466,0.19062,2.20857,3.9,Sudan,Sub-Saharan Africa,133,4.139,3.928,4.35,0.63069,0.81928,0.29759,0.0,0.10039,0.18077,2.10995,3.8,Sudan,130,4.13899993896484,4.34574716508389,3.9322527128458,0.65951669216156,1.21400856971741,0.290920823812485,0.0149958552792668,0.182317450642586,0.089847519993782,1.68706583976746,3.9,137,Sudan,4.139,0.605,1.24,0.312,0.016,0.134,0.082
Senegal,SEN,"Suicide mortality rate (per 100,000 population)",SH.STA.SUIC.P5,135.6,7.8,6,6.78,6.4,Senegal,Sub-Saharan Africa,142,3.904,0.03608,0.36498,0.97619,0.4354,0.36772,0.10713,0.20843,1.44395,6.3,Senegal,Sub-Saharan Africa,128,4.219,4.151,4.287,0.44314,0.77416,0.40457,0.31056,0.11681,0.19103,1.97861,6.2,Senegal,115,4.53499984741211,4.6016037812829,4.46839591354132,0.479309022426605,1.17969191074371,0.409362852573395,0.377922266721725,0.183468893170357,0.115460447967052,1.78964614868164,6.1,109,Senegal,4.631,0.429,1.117,0.433,0.406,0.138,0.082
Singapore,SGP,"Suicide mortality rate (per 100,000 population)",SH.STA.SUIC.P5,213.4,12.4,9,10.67,9.0,Singapore,Southeastern Asia,24,6.798,0.0378,1.52186,1.02,1.02525,0.54252,0.4921,0.31105,1.88501,9.1,Singapore,Southeastern Asia,22,6.739,6.674,6.804,1.64555,0.86758,0.94719,0.4877,0.46987,0.32706,1.99375,9.0,Singapore,26,6.57200002670288,6.63672306910157,6.50727698430419,1.69227766990662,1.35381436347961,0.949492394924164,0.549840569496155,0.345965981483459,0.46430778503418,1.21636199951172,9.4,34,Singapore,6.343,1.529,1.451,1.008,0.631,0.261,0.457
Sierra Leone,SLE,"Suicide mortality rate (per 100,000 population)",SH.STA.SUIC.P5,125.9,6.8,5.7,6.3,5.9,Sierra Leone,Sub-Saharan Africa,123,4.507,0.07068,0.33024,0.95571,0.0,0.4084,0.08786,0.21488,2.51009,6.2,Sierra Leone,Sub-Saharan Africa,111,4.635,4.505,4.765,0.36485,0.628,0.0,0.30685,0.08196,0.23897,3.01402,6.3,Sierra Leone,106,4.70900011062622,4.85064333498478,4.56735688626766,0.36842092871666,0.984136044979095,0.0055647538974881,0.318697690963745,0.293040901422501,0.0710951760411263,2.66845989227295,6.6,113,Sierra Leone,4.571,0.256,0.813,0.0,0.355,0.238,0.053
El Salvador,SLV,"Suicide mortality rate (per 100,000 population)",SH.STA.SUIC.P5,133.2,8.6,5.3,6.66,6.9,El Salvador,Latin America and Caribbean,42,6.13,0.05618,0.76454,1.02507,0.67737,0.4035,0.11776,0.10692,3.035,5.7,El Salvador,Latin America and Caribbean,46,6.068,5.967,6.169,0.8737,0.80975,0.596,0.37269,0.10613,0.08877,3.22134,6.1,El Salvador,45,6.00299978256226,6.108635122329,5.89736444279552,0.909784495830536,1.18212509155273,0.596018552780151,0.432452529668808,0.0782579854130745,0.0899809598922729,2.7145938873291,6.0,40,El Salvador,6.167,0.806,1.231,0.639,0.461,0.065,0.082
Serbia,SRB,"Suicide mortality rate (per 100,000 population)",SH.STA.SUIC.P5,348.8,23.1,0.6,17.44,16.4,Serbia,Central and Eastern Europe,87,5.123,0.04864,0.92053,1.00964,0.74836,0.20107,0.02617,0.19231,2.025,15.2,Serbia,Central and Eastern Europe,86,5.177,5.083,5.271,1.03437,0.81329,0.6458,0.15718,0.04339,0.20737,2.27539,0.6,Serbia,73,5.39499998092651,5.49156965613365,5.29843030571938,1.06931757926941,1.25818979740143,0.65078467130661,0.208715528249741,0.220125883817673,0.0409037806093693,1.94708442687988,11.3,78,Serbia,5.398,0.975,1.369,0.685,0.288,0.134,0.043
Slovenia,SVN,"Suicide mortality rate (per 100,000 population)",SH.STA.SUIC.P5,475.7,32,17.8,23.79,21.0,Slovenia,Central and Eastern Europe,55,5.848,0.04251,1.18498,1.27385,0.87337,0.60855,0.03787,0.25328,1.61583,19.0,Slovenia,Central and Eastern Europe,63,5.768,5.683,5.853,1.29947,1.05613,0.79151,0.53164,0.03635,0.25738,1.79522,20.9,Slovenia,62,5.75799989700317,5.84222516000271,5.67377463400364,1.3412059545517,1.45251882076263,0.790828227996826,0.572575807571411,0.242649093270302,0.0451289787888527,1.31331729888916,17.8,51,Slovenia,5.948,1.219,1.506,0.856,0.633,0.16,0.051
Sweden,SWE,"Suicide mortality rate (per 100,000 population)",SH.STA.SUIC.P5,301.2,16,14.2,15.06,15.7,Sweden,Western Europe,8,7.364,0.03157,1.33171,1.28907,0.91087,0.6598,0.43844,0.36262,2.37119,14.6,Sweden,Western Europe,10,7.291,7.227,7.355,1.45181,1.08764,0.83121,0.58218,0.40867,0.38254,2.54734,15.0,Sweden,9,7.28399991989136,7.34409487739205,7.22390496239066,1.49438726902008,1.47816216945648,0.830875158309937,0.612924098968506,0.385399252176285,0.384398728609085,2.09753799438477,14.9,9,Sweden,7.314,1.355,1.501,0.913,0.659,0.285,0.383
Chad,TCD,"Suicide mortality rate (per 100,000 population)",SH.STA.SUIC.P5,147.1,7.8,6.4,7.36,6.8,Chad,Sub-Saharan Africa,149,3.667,0.0383,0.34193,0.76062,0.1501,0.23501,0.05269,0.18386,1.94296,6.7,Chad,Sub-Saharan Africa,144,3.763,3.672,3.854,0.42214,0.63178,0.03824,0.12807,0.04952,0.18667,2.30637,6.7,Chad,137,3.93600010871887,4.0347115239501,3.83728869348764,0.438012987375259,0.953855872154236,0.0411347150802612,0.16234202682972,0.216113850474358,0.0535818822681904,2.07123804092407,6.6,131,Chad,4.301,0.358,0.907,0.053,0.189,0.181,0.06
Togo,TGO,"Suicide mortality rate (per 100,000 population)",SH.STA.SUIC.P5,203.2,11,8.7,10.16,9.7,Togo,Sub-Saharan Africa,158,2.839,0.06727,0.20868,0.13995,0.28443,0.36453,0.10731,0.16681,1.56726,9.3,Togo,Sub-Saharan Africa,155,3.303,3.192,3.414,0.28123,0.0,0.24811,0.34678,0.11587,0.17517,2.1354,9.0,Togo,150,3.49499988555908,3.59403811171651,3.39596165940166,0.305444717407227,0.431882530450821,0.247105568647385,0.38042613863945,0.196896150708199,0.0956650152802467,1.83722925186157,8.7,139,Togo,3.999,0.259,0.474,0.253,0.434,0.158,0.101
Thailand,THA,"Suicide mortality rate (per 100,000 population)",SH.STA.SUIC.P5,179.4,12,7.5,8.97,8.0,Thailand,Southeastern Asia,34,6.455,0.03557,0.9669,1.26504,0.7385,0.55664,0.03187,0.5763,2.31945,8.5,Thailand,Southeastern Asia,33,6.474,6.396,6.552,1.0893,1.04477,0.64915,0.49553,0.02833,0.58696,2.5796,8.4,Thailand,32,6.42399978637695,6.50911685571074,6.33888271704316,1.12786877155304,1.42579245567322,0.647239029407501,0.580200731754303,0.572123110294342,0.0316127352416515,2.03950834274292,8.8,46,Thailand,6.072,1.016,1.417,0.707,0.637,0.364,0.029
Tajikistan,TJK,"Suicide mortality rate (per 100,000 population)",SH.STA.SUIC.P5,77.7,4.3,3.4,3.89,4.1,Tajikistan,Central and Eastern Europe,106,4.786,0.03198,0.39047,0.85563,0.57379,0.47216,0.15072,0.22974,2.11399,4.3,Tajikistan,Central and Eastern Europe,100,4.996,4.923,5.069,0.48835,0.75602,0.53119,0.43408,0.13509,0.25998,2.39106,4.2,Tajikistan,96,5.04099988937378,5.11142559587956,4.970574182868,0.524713635444641,1.27146327495575,0.529235124588013,0.471566706895828,0.248997643589973,0.146377146244049,1.84904932975769,4.2,88,Tajikistan,5.199,0.474,1.166,0.598,0.292,0.187,0.034
Turkmenistan,TKM,"Suicide mortality rate (per 100,000 population)",SH.STA.SUIC.P5,199.7,15.1,5.7,9.99,6.3,Turkmenistan,Central and Eastern Europe,70,5.548,0.04175,0.95847,1.22668,0.53886,0.4761,0.30844,0.16979,1.86984,6.2,Turkmenistan,Central and Eastern Europe,65,5.658,5.58,5.736,1.08017,1.03817,0.44006,0.37408,0.28467,0.22567,2.21489,5.8,Turkmenistan,59,5.82200002670288,5.88518087550998,5.75881917789578,1.13077676296234,1.49314916133881,0.437726080417633,0.41827192902565,0.24992498755455,0.259270340204239,1.83290982246399,5.7,68,Turkmenistan,5.636,1.016,1.533,0.517,0.417,0.199,0.037
Tunisia,TUN,"Suicide mortality rate (per 100,000 population)",SH.STA.SUIC.P5,69.3,3.8,3.1,3.47,3.1,Tunisia,Middle East and Northern Africa,107,4.739,0.03589,0.88113,0.60429,0.73793,0.26268,0.06358,0.06431,2.12466,3.1,Tunisia,Middle East and Northern Africa,98,5.045,4.965,5.125,0.97724,0.43165,0.59577,0.23553,0.0817,0.03936,2.68413,3.1,Tunisia,102,4.80499982833862,4.88436700701714,4.72563264966011,1.00726580619812,0.868351459503174,0.613212049007416,0.289680689573288,0.0496933571994305,0.0867231488227844,1.89025115966797,3.2,111,Tunisia,4.592,0.9,0.906,0.69,0.271,0.04,0.063
Turkey,TUR,"Suicide mortality rate (per 100,000 population)",SH.STA.SUIC.P5,52.7,4,2.2,2.64,2.3,Turkey,Middle East and Northern Africa,76,5.332,0.03864,1.06098,0.94632,0.73172,0.22815,0.15746,0.12253,2.08528,2.3,Turkey,Middle East and Northern Africa,78,5.389,5.295,5.483,1.16492,0.87717,0.64718,0.23889,0.12348,0.04707,2.29074,2.3,Turkey,69,5.5,5.59486496329308,5.40513503670692,1.19827437400818,1.33775317668915,0.637605607509613,0.300740599632263,0.0466930419206619,0.0996715798974037,1.87927794456482,2.3,74,Turkey,5.483,1.148,1.38,0.686,0.324,0.106,0.109
Tanzania,TZA,"Suicide mortality rate (per 100,000 population)",SH.STA.SUIC.P5,107.2,8.9,4.2,5.36,4.2,Tanzania,Sub-Saharan Africa,146,3.781,0.05061,0.2852,1.00268,0.38215,0.32878,0.05747,0.34377,1.38079,4.2,Tanzania,Sub-Saharan Africa,149,3.666,3.561,3.771,0.47155,0.77623,0.357,0.3176,0.05099,0.31472,1.37769,4.2,Tanzania,153,3.34899997711182,3.46142975538969,3.23657019883394,0.511135876178741,1.04198980331421,0.364509284496307,0.390017777681351,0.354256361722946,0.0660351067781448,0.621130466461182,4.2,153,Tanzania,3.303,0.455,0.991,0.381,0.481,0.27,0.097
Uganda,UGA,"Suicide mortality rate (per 100,000 population)",SH.STA.SUIC.P5,140.4,10.2,4.4,7.02,4.7,Uganda,Sub-Saharan Africa,141,3.931,0.04317,0.21102,1.13299,0.33861,0.45727,0.07267,0.29066,1.42766,4.7,Uganda,Sub-Saharan Africa,145,3.739,3.629,3.849,0.34719,0.90981,0.19625,0.43653,0.06442,0.27102,1.51416,4.4,Uganda,133,4.08099985122681,4.19579996705055,3.96619973540306,0.381430715322495,1.12982773780823,0.217632606625557,0.443185955286026,0.325766056776047,0.057069718837738,1.526362657547,4.4,135,Uganda,4.161,0.322,1.09,0.237,0.45,0.259,0.061
Ukraine,UKR,"Suicide mortality rate (per 100,000 population)",SH.STA.SUIC.P5,558.1,39.1,20.6,27.91,21.6,Ukraine,Central and Eastern Europe,111,4.681,0.04412,0.79907,1.20278,0.6739,0.25123,0.02961,0.15275,1.5714,21.4,Ukraine,Central and Eastern Europe,123,4.324,4.236,4.412,0.87287,1.01413,0.58628,0.12859,0.01829,0.20363,1.50066,20.6,Ukraine,132,4.09600019454956,4.18541010454297,4.00659028455615,0.89465194940567,1.39453756809235,0.575903952121735,0.122974775731564,0.270061463117599,0.0230294708162546,0.814382314682007,21.9,138,Ukraine,4.103,0.793,1.413,0.609,0.163,0.187,0.011
Uruguay,URY,"Suicide mortality rate (per 100,000 population)",SH.STA.SUIC.P5,345.7,21.2,14.5,17.29,18.6,Uruguay,Latin America and Caribbean,32,6.485,0.04539,1.06166,1.2089,0.8116,0.60362,0.24558,0.2324,2.32142,21.1,Uruguay,Latin America and Caribbean,29,6.545,6.456,6.634,1.18157,1.03143,0.72183,0.54388,0.21394,0.18056,2.67139,20.8,Uruguay,28,6.4539999961853,6.54590621769428,6.36209377467632,1.21755969524384,1.41222786903381,0.719216823577881,0.57939225435257,0.175096929073334,0.178061872720718,2.17240953445435,21.2,31,Uruguay,6.379,1.093,1.459,0.771,0.625,0.13,0.155
United States,USA,"Suicide mortality rate (per 100,000 population)",SH.STA.SUIC.P5,264.4,16.1,11,13.22,14.4,United States,North America,15,7.119,0.03839,1.39451,1.24711,0.86179,0.54604,0.1589,0.40105,2.51011,15.1,United States,North America,13,7.104,7.02,7.188,1.50796,1.04782,0.779,0.48163,0.14868,0.41077,2.72782,15.9,United States,14,6.99300003051758,7.07465674757957,6.91134331345558,1.54625928401947,1.41992056369781,0.77428662776947,0.505740523338318,0.392578780651093,0.135638788342476,2.2181134223938,15.7,18,United States,6.886,1.398,1.471,0.819,0.547,0.291,0.133
Uzbekistan,UZB,"Suicide mortality rate (per 100,000 population)",SH.STA.SUIC.P5,177.5,10.1,8,8.88,9.2,Uzbekistan,Central and Eastern Europe,44,6.003,0.04361,0.63244,1.34043,0.59772,0.65821,0.30826,0.22837,2.23741,9.1,Uzbekistan,Central and Eastern Europe,49,5.987,5.896,6.078,0.73591,1.1681,0.50163,0.60848,0.28333,0.34326,2.34638,8.8,Uzbekistan,47,5.97100019454956,6.06553757295012,5.876462816149,0.786441087722778,1.54896914958954,0.498272627592087,0.658248662948608,0.415983647108078,0.246528223156929,1.81691360473633,8.6,44,Uzbekistan,6.096,0.719,1.584,0.605,0.724,0.328,0.259
Vietnam,VNM,"Suicide mortality rate (per 100,000 population)",SH.STA.SUIC.P5,138.8,7.7,6.1,6.94,7.7,Vietnam,Southeastern Asia,75,5.36,0.03107,0.63216,0.91226,0.74676,0.59444,0.10441,0.1686,2.20173,7.7,Vietnam,Southeastern Asia,96,5.061,4.991,5.131,0.74037,0.79117,0.66157,0.55954,0.11556,0.25075,1.9418,7.7,Vietnam,94,5.07399988174438,5.14728076457977,5.000718998909,0.788547575473785,1.27749133110046,0.652168989181519,0.571055591106415,0.234968051314354,0.0876332372426987,1.46231865882874,7.6,95,Vietnam,5.103,0.715,1.365,0.702,0.618,0.177,0.079
South Africa,ZAF,"Suicide mortality rate (per 100,000 population)",SH.STA.SUIC.P5,484.8,26.7,22.4,24.24,24.5,South Africa,Sub-Saharan Africa,113,4.642,0.04585,0.92049,1.18468,0.27688,0.33207,0.08884,0.11973,1.71956,24.4,South Africa,Sub-Saharan Africa,116,4.459,4.371,4.547,1.02416,0.96053,0.18611,0.42483,0.08415,0.13656,1.64227,25.2,South Africa,101,4.8289999961853,4.92943518772721,4.72856480464339,1.05469870567322,1.38478863239288,0.187080070376396,0.479246735572815,0.139362379908562,0.0725094974040985,1.51090860366821,24.1,105,South Africa,4.724,0.94,1.41,0.33,0.516,0.103,0.056
Zambia,ZMB,"Suicide mortality rate (per 100,000 population)",SH.STA.SUIC.P5,204,13.3,7.3,10.2,8.7,Zambia,Sub-Saharan Africa,85,5.129,0.06988,0.47038,0.91612,0.29924,0.48827,0.12468,0.19591,2.6343,8.5,Zambia,Sub-Saharan Africa,106,4.795,4.645,4.945,0.61202,0.6376,0.23573,0.42662,0.11479,0.17866,2.58991,8.5,Zambia,116,4.51399993896484,4.64410550147295,4.38389437645674,0.636406779289246,1.00318729877472,0.257835894823074,0.461603492498398,0.249580144882202,0.0782135501503944,1.82670545578003,8.1,125,Zambia,4.377,0.562,1.047,0.295,0.503,0.221,0.082
Zimbabwe,ZWE,"Suicide mortality rate (per 100,000 population)",SH.STA.SUIC.P5,331.4,22.2,12.8,16.57,18.0,Zimbabwe,Sub-Saharan Africa,115,4.61,0.0429,0.271,1.03276,0.33475,0.25861,0.08079,0.18987,2.44191,16.8,Zimbabwe,Sub-Saharan Africa,131,4.193,4.101,4.285,0.35041,0.71478,0.1595,0.25429,0.08582,0.18503,2.4427,15.0,Zimbabwe,138,3.875,3.97869964271784,3.77130035728216,0.375846534967422,1.08309590816498,0.196763753890991,0.336384207010269,0.189143493771553,0.0953753814101219,1.59797024726868,14.0,144,Zimbabwe,3.692,0.357,1.094,0.248,0.406,0.132,0.099
